nome,sku,quantidade,total,porcentagem_das_vendas
"Jabuticaba - 500g",O3VFZC9R7I,136,6786.4,5.45
"Manga Palmer - 500g",71CPUFPEHH,87,2141.13,1.72
"Figo Roxo 1Kg Normal",4CBSUD0DSO,86,10423.4,8.37
"Morango Hidroponico 1Kg Normal",JK3Q26040W,69,6898.3,5.54
"Figo Roxo - 500g",OHQJZKB82F,65,3249.35,2.61
"Figo Roxo 500g Normal",LV6Q8G2RR9,62,3727.7,2.99
"Jabuticabas 1kg Normal",52UXX0OPHM,60,5998.8,4.82
"Manga Palmer 500g Normal",SLEO7NSCF4,46,1195.36,0.96
"Banana prata - 6UN",D9J6SXC1GG,45,719.55,0.58
"Morango Hidroponico 500g Normal",CG983SP8RN,45,2249.47,1.81
"Batata lavada  - 500 gramas",QA33NBIXUG,44,571.56,0.46
"Tomate italiano  - 500 gramas",MV21PTEYU7,39,584.61,0.47
"Goiaba graúda - 1UN",LH315M40O0,36,467.64,0.38
"Mamão papaya - 2UN",74ZS19ED81,35,845.99,0.68
"Maçã fuji 4 un Normal",RFXSDJ620Q,33,921.9,0.74
"Atemoia 500g Normal",L5IEYCYQL5,29,1154.2,0.93
"Pera - 3UN",AJK45E4NMO,28,587.72,0.47
"Tomate italiano 1 Kg",ROQECB2WNT,27,809.46,0.65
"Abacaxi perola- 1UN",7EFUSGVKFC,27,537.3,0.43
"Limão taiti - 6UN",HYZYYVYGSZ,25,249.75,0.2
"Mamão papaya 2 un Normal",DVMZCCS2DN,25,743.66,0.6
"Brócolis comum - 1 Unidade",B41H2I6TGF,24,527.76,0.42
"Morango Hidroponico 300g Normal",IORT9P1751,24,719.74,0.58
"Azeitona chilena temperada com azeite e chimichurri - 300g",TKHZG8BD4A,24,594,0.48
"Laranja pera - 6UN",QL28UGDU0J,24,335.76,0.27
"Jabuticabas 500g Normal",FXFZ1CRGCK,23,1149.77,0.92
"Alface americana - 1 Unidade",1J8QAL3JEH,23,229.77,0.18
"Maçã fuji - 4UN",558O9QRAYN,23,597.77,0.48
"Pepino Japones - 500g",BIQYUBVXM8,22,285.78,0.23
"Morango  -500g",52JX7FO9LN,22,1099.78,0.88
"Cereja - 500g",LB6JYQTC81,21,2128.32,1.71
"Cenoura  - 500 gramas (cópia)",76PZYT3IKI,21,272.79,0.22
"Melão Orange 1 un Normal",7AF1DJPLM2,21,627.9,0.5
"Pêssego Fresco Premium 500g Normal",CGBA9937RA,21,943.95,0.76
"Figo Roxo 300g Normal",C1GHDMDOTI,21,762.89,0.61
"Batata lavada 1 Kg",KVSU997TFQ,21,545.58,0.44
"Banana Prata 12UN Normal",TKSZ9PIJC5,20,639.44,0.51
"Amendoim Torrado sem Pele e sem Sal 1 Kg",WU3ZJIA38O,20,1344,1.08
"Uva Thompson 500 g Normal",AYLT91YM9L,20,513.71,0.41
"Banana nanica - 6UN",M1WOW7TXJU,19,303.81,0.24
"Mandioca Descascada 1 Kg",LQD6P87MEO,19,265.81,0.21
"Couve flor - 1 Unidade",LCPZ984FC5,19,417.81,0.34
"Mini Tangerina - 500g",CDXEEOZ1UV,19,759.81,0.61
"Abóbora cristalizada   300g",NDT37IXPDY,19,513,0.41
"Figo cristalizado   300g",FW4QLSQ8RP,18,486,0.39
"Pera 3 un Normal",6JRK04WL3P,18,376.2,0.3
"Atemoia  - 1Kg",J7JZ4AOQBS,17,1189.83,0.96
"Pêssego Fresco Premium 1kg Normal",CNFKH54BP1,17,1528.3,1.23
"Uva Thompson - 1 Bandeja (500g)",53KG4LZE67,17,417.83,0.34
"Cebola - 500 gramas",L8SWAFYZXZ,16,175.84,0.14
"Mandioca Descascada 500 g",TTXLPXFY8K,16,112,0.09
"Cereja Fresca 1kg Normal",M9NNATJ0CP,16,3350,2.69
"Maracujá doce importado granadilla 500g Normal",TECCIQZPWX,16,1039.2,0.83
"Banana nanica 6 un Normal",A8AZCMBZW2,16,254.4,0.2
"Abacaxi perola 1 un Normal",LLY8DJFWZB,16,318.4,0.26
"Alface crespa - 1UN",H112UU9K6U,15,99.92,0.08
"Couve flor 1 un",RU5M83EHYI,15,329.85,0.26
"Brócolis ninja - 1 Unidade",55W7VODMQR,15,329.85,0.26
"Tomate italiano 500 g",LXLLGESBX8,15,224.85,0.18
"Banana Prata 6UN Normal",NKXR0COPPO,15,239.85,0.19
"Manga Palmer 1Kg Normal",3LZGHWS0U0,15,777.62,0.62
"Cebola roxa - 500 gramas",4MX1SZ726S,15,187.5,0.15
"Beringela - 500g",H0O935HVFS,15,149.85,0.12
"Kiwi Amarelo 500g Normal",D0LEJ5JWN3,15,974.85,0.78
"Tamara Fresca - 100g",K5Y4DHBB70,14,124.6,0.1
"Laranja baia importada 6 un Normal",N70GKMAY1K,14,727.72,0.58
"Batata doce - 500g",L7FHB7AB0D,14,105,0.08
"Mandioca Descascada - 1 Pacote (1Kg)",2PU2FGD0DX,13,181.87,0.15
"Limão siciliano 300g Normal",227MCIV8AE,13,124.67,0.1
"Physalis -1bj",4I98Y9GZT1,13,258.7,0.21
"Pitaia amarelo Colômbia - 500g",JCRR8929EY,13,974.87,0.78
"Jabuticabas 500g Maduro",9UFTTKGX35,13,649.87,0.52
"Morango hidropônico - 500g",94PN1D7D01,13,649.87,0.52
"Laranja baia importada - 3UN",E3XQHM9ONL,13,337.87,0.27
"Melão Rei 1 un Normal",IJVSHLNXNG,13,778.7,0.63
"Alcachofra 4 un",17KDFU8IE0,13,1439.87,1.16
"Beterraba 500 g",3X1ZUD76EA,12,95.88,0.08
"Jabuticabas 300g Normal",80TR4E6S18,12,359.88,0.29
"Milho verde - 1 Bandeja (4 UN)",L9I0AXREKT,12,191.88,0.15
"Milho verde 4 un",6KL64ZKY1F,12,191.88,0.15
"Cereja Fresca 300g Normal",IHPNOYX1CH,12,772,0.62
"Kiwi Amarelo 1kg Normal",BHU3AE9XA0,12,1559.88,1.25
"Mini Tangerina 500g Normal",AZ84H3UUWG,12,479.88,0.39
"Achachairu 500g",7WJN0FTWX8,12,899.88,0.72
"Azeitona Grega Kalamata 300 g",3AE95CDMW3,12,691.2,0.56
"Mamão papaya 4 un Normal",FLN2GSQ3BW,12,685.71,0.55
"Beterraba - 500g",5YVB441763,12,95.88,0.08
"Cebola 1 Kg",1FF8UERNQL,12,263.76,0.21
"Bacalhau do porto calibre 7/9 Sem pele e espinha   500g",QO58XYO5D7,12,1125,0.9
"Coco Verde - 1 UN",JJZKHP91Y3,12,179.88,0.14
"Kiwi Amarelo 300g Normal",S709Q7URRM,11,439.89,0.35
"Figo Roxo 1Kg Verde",LF82KKBGG5,11,1369.06,1.1
"Ameixa polpa vermelha - 500g",994RV37ZXH,11,395.89,0.32
"Figo Roxo 1Kg Maduro",J4Y9RM8FMO,11,1249.38,1
"Melão Rei - 1UN",A8R8MW4JG1,11,641.89,0.52
"Morango Hidroponico 1Kg Maduro",CSYI8DHSEA,11,1099.78,0.88
"Limão taiti 6 un Normal",GD9BM9T3WE,11,108.9,0.09
"Laranja baia importada 12 un Normal",3GDPGJJ8GO,11,1143.56,0.92
"Vagem 500 g",I1ZD68QP7B,11,156.89,0.13
"Nêspera 300g Normal",HVBV6JDPYC,11,326.7,0.26
"Melão Rei - 1UN",A8R8MW4JG1,11,641.89,0.52
"Figo Roxo 1Kg Verde",LF82KKBGG5,11,1369.06,1.1
"Laranja baia importada 3 un Normal",T4SJC9ROG6,10,259.9,0.21
"Couve manteiga - 1 Unidade",6CDIZYBBCI,10,93.98,0.08
"Pêssego Nacional - 500g",RXQOBRBVD1,10,379.18,0.3
"Batata doce 1 Kg",JU72MHVGNC,10,150,0.12
"Castanha de Caju SLW1 Torrada com Sal 300 g",3GQHBLNF4M,10,576,0.46
"Jabuticabas 1kg Maduro",BU0V53MBLI,10,999.8,0.8
"Maçã Red graúda 3 un Normal",1CUS9R0BTY,10,259.9,0.21
"Maracujá doce importado granadilla - 500g",JB2HT2PSJX,10,649.5,0.52
"Batata lavada 500 g",8J5NI32N9P,10,129.9,0.1
"Kiwi amarelo (Golden) - 500g",ST5WWDME3C,10,644.09,0.52
"Cebola 500 g",AJUICOO9SI,9,98.91,0.08
"Cebola roxa 500 g",BVBHXBZJVL,9,112.5,0.09
"Caju - 500gr",M8OM63RWV1,9,404.91,0.33
"Limão taiti 12 un Normal",3EFDC7OPNZ,9,179.1,0.14
"Figo cristalizado 300 g",KAU7XK5AH7,9,259.2,0.21
"Alface lisa - 1 Unidade",H5A5WVOFDB,9,71.91,0.06
"Cebola roxa 300 g",MHL396DDT6,9,67.5,0.05
"Beringela 500 g",23YV42Y1K9,9,89.91,0.07
"Mix de castanha luxo (castanha do pará, nozes, amêndoa, uva passa preta e castanha de caju)   300g",FEWJ8YU34I,9,384.75,0.31
"Alho roxo - 500 gramas",AXD9AW2KAD,9,303.75,0.24
"Morango hidropônico",QX72E4HYMN,9,269.91,0.22
"Morango Hidroponico 500g Maduro",A1YT3GGQEA,8,399.92,0.32
"Brócolis comum 1 un",MGGKZ9S7X4,8,175.92,0.14
"Maracujá doce importado granadilla 1kg Normal",QU4B1LQ6S7,8,959.28,0.77
"Pitaia amarelo Colômbia 300g Normal",GQ1ILPB8PQ,8,359.92,0.29
"Azeitona Verde com Alho 300 g",B5UO96MRCF,8,376.32,0.3
"Uva Vitória  - 1 Bandeja (500g)",RNC1RG9UYA,8,189.92,0.15
"Uva Pilar moscato  - 1Kg",8KHTUMM7SE,8,1079.74,0.87
"Roma Importada - 500g",OZPJOC3GMX,8,359.6,0.29
"Uva Thompson 1 Kg Normal",R5W7TRE6YN,8,415.84,0.33
"Castanha de caju SL W1 torrada e salgada   300g",BM8AJJ2P01,8,396,0.32
"Tiras de laranja cristalizada   300g",QYXGFI92O8,8,216,0.17
"Mamão Formosa 1 un Normal",8HXTGQ67L4,7,174.93,0.14
"Atemoia 500g Maduro",CBKL2I3F1G,7,284.8,0.23
"Alho roxo 300 g",BI1OU7UKC1,7,141.75,0.11
"Azeitona grega kalamata   300g",BUZ9F49DB8,7,283.5,0.23
"Azeitona italiana   300g",2GF3MXAPBH,7,141.75,0.11
"Figo cristalizado 500 g",F5AQ81R1IJ,7,336,0.27
"Manga Palmer 500g Maduro",AQY18XYBY4,7,181.93,0.15
"Maracujá azedo graúdo - 3UN",24LXA1B1AE,7,181.93,0.15
"Abacaxi perola 2 un Normal",EW6HZ9KOGF,7,279.3,0.22
"Limão siciliano - 500gr",K9W57NW4RS,7,111.93,0.09
"Vagem  - 500 gramas",ENCIV7S553,7,104.93,0.08
"Atemoia 300g Normal",CNR7PVJGSV,7,147,0.12
"Cenoura 300 g",6Z71EEO90F,7,54.53,0.04
"Jabuticaba 500g Normal",IYK7B8LV9P,7,349.3,0.28
"Alface americana 1 un",2ZFL1QJDWU,7,69.93,0.06
"Abobrinha 500 g",92WWRRD3X1,7,69.93,0.06
"Mix de frutas desidratadas 300 g",RDP04ASMEW,7,285.6,0.23
"Cenoura 500 g",NQDQZY45HL,7,90.93,0.07
"Pimentão Verde  - 500 gramas",JHUGIWK0OJ,7,104.93,0.08
"Uva Vitória 300g Normal",AOPAX38CV6,6,107.94,0.09
"Banana nanica 12 un Normal",OWDDC8ZHDL,6,191.4,0.15
"Amendoim torrado com pele e com sal   300g",JWUXBO6TE2,6,81,0.07
"Couve manteiga 1 un",D6Q3FUN7LV,6,60,0.05
"Pêssego Fresco Premium 300g Normal",24UJ6PQB8L,6,179.76,0.14
"Ameixa sem caroço   300g",F367T3MRKO,6,132.3,0.11
"Maracujá silvestre - 1 Bandeja (500g)",7IJ2EI6HWZ,6,372.49,0.3
"Abobrinha 300 g",D846VOHRDX,6,35.94,0.03
"Abacaxi cristalizado   300g",JOWJSLHA8V,6,162,0.13
"Bandeja de Lichia 500g Normal",OXUV2C1I1C,6,149.94,0.12
"Escarola - 1 Unidade",MOZTXEK2KS,6,48,0.04
"Pimentão Vermelho  - 500 gramas",77DT13O8BR,6,107.94,0.09
"Manga Palmer 1Kg Verde",9UOZLE4DK7,6,309.8,0.25
"Cereja Fresca 500g Normal",SFYRVXOF7N,6,650,0.52
"Mamão papaya 2 un Maduro",G6M3H8I6R5,6,173.95,0.14
"Nectarina Branca - 500g",8XLI5MEBP7,6,269.7,0.22
"Maçã Red graúda - 3UN",68I30PFBTK,6,155.94,0.13
"Tiras de limão cristalizado 300 g",5O69QDDYUG,6,172.8,0.14
"Manga Palmer 300g Normal",F2UZACF69U,5,77.95,0.06
"Damasco turco jumbo   300g",KZRT837QDV,5,236.25,0.19
"Nêspera 500g Normal",IW1EN3EYOZ,5,247.5,0.2
"Brócolis comum 2 un",G111R0OWGX,5,219.9,0.18
"Limão siciliano 500g Normal",PC9ND3YMQN,5,79.95,0.06
"Banana Prata 6UN Verde",6S1KSFRL6P,5,79.95,0.06
"Uva Vitória 500g Maduro",3J20BX7LZI,5,149.95,0.12
"Tiras de laranja cristalizada 300 g",FFY0JTUCBP,5,144,0.12
"Azeitona portuguesa   300g",2SVENLXYE7,5,130.5,0.1
"Beterraba 1 Kg",N73YJVWX7E,5,79.9,0.06
"Castanha-do-Pará Extra Large 300 g",8AV5VROPCI,5,477.6,0.38
"Banana Prata 12UN Verde",11WD8W2YIK,5,159.82,0.13
"Castanha de caju W1 torrada e salgada   300g",NWAO55F5ZB,5,202.5,0.16
"Maçã fuji 8 un Normal",5FJYV4R21O,5,280,0.22
"Cenoura 1 Kg",5G56RMI0PC,5,129.9,0.1
"Mamão Formosa - 1 Un",OGQLF73RQE,5,124.95,0.1
"Pimentão Verde 500 g",DRLUUWHAK0,5,74.95,0.06
"Castanha de caju doce com gergelim   300g",98VXA9RP4U,5,135,0.11
"Brócolis ninja 2 un",IBFF1DNZEO,5,219.9,0.18
"Tamara 300g Normal",CJ1AC83CED,5,104.85,0.08
"Ameixa sem caroço 300 g",M3FOYY5UK8,5,124.8,0.1
"Bananinha cristalizada 300 g",J29FGDP5WL,5,144,0.12
"Melão Orange 1 un Maduro",I20BXW89C5,5,149.5,0.12
"Alface Roxa 1 un",SHTM1I65T4,5,39.95,0.03
"Vagem 300 g",RZ3HJ1YNNU,5,44.95,0.04
"Maracujá doce importado granadilla 500g Maduro",PT6776T30M,5,324.75,0.26
"Cebola 300 g",H5D6J6VWZ5,5,32.95,0.03
"Repolho 1 un",T18L7HZW87,5,74.95,0.06
"Bandeja de Lichia 300g Normal",TO6DLJBDAD,5,249.95,0.2
"Banana Prata 6UN Verde",6S1KSFRL6P,5,79.95,0.06
"Cebola 300 g",H5D6J6VWZ5,5,32.95,0.03
"Castanha de caju doce com gergelim   300g",98VXA9RP4U,5,135,0.11
"Castanha de caju W1 torrada e salgada   300g",NWAO55F5ZB,5,202.5,0.16
"Damasco turco jumbo   300g",KZRT837QDV,5,236.25,0.19
"Maçã fuji 8 un Normal",5FJYV4R21O,5,280,0.22
"Bananinha cristalizada   300g",Q3ASKGZFFS,5,135,0.11
"Azeitona portuguesa 300 g",4A1B6I2B7Y,4,130.56,0.1
"Figo turco 300 g",4XYAGGKBQ8,4,188.16,0.15
"Nêspera 1Kg Normal",ES9O1GGASA,4,396,0.32
"Melão Orange - 1UN",1TDAW405SO,4,119.6,0.1
"Pimentão Vermelho 500 g",DWRCKPMT87,4,71.96,0.06
"Batata lavada 300 g",FII8R7QVX6,4,31.16,0.03
"Nozes chilena inteira   300g",CRVZTHHMVX,4,158.4,0.13
"Batata asterix  - 500 gramas",Q507ASMK0Q,4,51.96,0.04
"Cereja 500g Normal",O56AS262MI,4,300,0.24
"Azeitona Italiana 300 g",63XKRDSEP5,4,115.2,0.09
"Pêssego Importado Graudo - 500g",48FVQNY1U6,4,179.8,0.14
"Repolho roxo - 1 Unidade",B2LUT5HTTU,4,59.96,0.05
"Amendoim torrado e salgado   300g",6XCA1LV7ME,4,54,0.04
"Azeitona chilena 300 g",9K4KDFD7YM,4,149.76,0.12
"Maçã verde 3 un Normal",TI6VKVNJ3Z,4,87.96,0.07
"Pêra Asiática 300g Normal",588QEICVHR,4,107.88,0.09
"Laranja baia importada 6 un Maduro",3RRCRQCVHF,4,207.92,0.17
"Amendoim Crocante Cebola e Salsa 300 g",1MSBA2UFAB,4,80.64,0.06
"Azeitona verde com alho   300g",O6WXTVFGEK,4,140.4,0.11
"Toranja ( grapefruit ) - 500g",MZEYUZ5TVM,4,139.8,0.11
"Nozes com casca 300 g",71P09UJPFY,4,92.16,0.07
"Repolho roxo 1 un",OB8B9UKZNE,4,59.96,0.05
"Castanha de Caju W4 Torrada Salgada 300 g",JP05GJSYXD,4,163.2,0.13
"Fruta do conde (pinha) - 1KG",9O9540LQLY,4,279.6,0.22
"Tomate italiano 300 g",NQC2NFE2FB,4,35.96,0.03
"Laranja pera 6 un Normal",TH0942YKG1,4,55.96,0.04
"Couve flor 2 un",HR5I6V9MG4,4,175.92,0.14
"Bandeja de Lichia 1Kg Normal",97XNFLO4RD,4,399.96,0.32
"Tamara 500g Normal",12YPQCKG36,4,139.8,0.11
"Alface crespa 1 un",39ZOXII7SW,4,31.96,0.03
"Brócolis ninja 1 un",PMG0QYJ5P1,4,87.96,0.07
"Physalis 1 bandeja Normal",KK2SHK4S4H,4,79.6,0.06
"Pimentão Amarelo 500 g",7FC0VIE9CS,4,71.96,0.06
"Melão Orange 2 un Normal",IBA0P1X98U,4,239.2,0.19
"Maçã Red graúda 6 un Normal",TOBTTB0U2S,4,207.92,0.17
"Beterraba 300 g",DC2RVAKZP9,3,14.37,0.01
"Laranja chamanhe 1kg Normal",LV4XV57N4T,3,209.7,0.17
"Mini Tangerina 1kg Normal",T9HQSCYQLJ,3,239.94,0.19
"Abacaxi perola 1 un Maduro",RO6FBVF48O,3,59.7,0.05
"Azeitona Verde com Alho 500 g",9OR13MGQVK,3,235.2,0.19
"Tiras de limão cristalizado   300g",30D8Y4ROQR,3,81,0.07
"Acelga 4 un",2RUMENVTON,3,155.88,0.13
"Mel Flores Silvestres Rei 275G",Q2GIO782LZ,3,74.97,0.06
"Rambutão 500g Normal",KLEOFDS54J,3,105,0.08
"Morango Hidroponico 500g Verde",GIK2OXJBK2,3,149.97,0.12
"Pepino Japonês 300 g",MZOZFY6P1N,3,22.5,0.02
"Pitaia vermelha 500g Normal",8L5ZNLKNRZ,3,259.9,0.21
"Banana Prata 24UN Normal",H7G1KW506D,3,191.88,0.15
"Castanha de caju W1 assada   300g",EL5YNCT6G0,3,121.5,0.1
"Beringela 300 g",1Z2SE3CBPC,3,17.97,0.01
"Escarola 1 un",75SDB18LX5,3,24,0.02
"Chuchu 500 g",K7E7N4B0M6,3,20.97,0.02
"Pepino Japonês 500 g",QPNZ2J7R2V,3,37.5,0.03
"Maracujá doce importado granadilla 300g Maduro",FSRBNCB6LJ,3,116.91,0.09
"Uva passa preta sem semente   300g",JNOQN4NPHI,3,37.8,0.03
"Figo Roxo 500g Verde",CTF9XZSW9B,3,179.89,0.14
"Milho verde 8 un",M8LOZOXUA6,3,95.94,0.08
"Acelga 1 un",FH9J0X41HY,3,38.97,0.03
"Maracujá doce importado granadilla 1Kg Maduro",3OB49GO3KN,3,389.7,0.31
"Figo turco   300g",Q7NO4L4M1K,3,91.8,0.07
"Goiaba graúda 2 un Maduro",KS8FTIYXSP,3,77.94,0.06
"Nozes pecan agridoce   300g",18VXDUD9XM,3,236.25,0.19
"Banana nanica 6 un Verde",BIG9V7PN01,3,47.7,0.04
"Cebola roxa 1 Kg",59KLTA90M4,3,75,0.06
"Achachairu 300g Normal",9TE1RFWAZD,3,134.97,0.11
"Amêndoa laminada sem pele   300g",3XN705Q7U5,3,108,0.09
"Alcachofra 1 un",D5W6J1OOVE,3,84.97,0.07
"Maçã fuji 4 un Verde",O7QTRLOEVO,3,84,0.07
"Chuchu - 500g",D2S1NXSKLF,3,20.97,0.02
"Manga Palmer 500g Verde",MS237ASFHF,3,77.97,0.06
"Toranja (grapefruit) 300g Normal",GTY3YD12OH,3,62.91,0.05
"Caqui Espanhol - 500g",SKEBHCK313,3,124.95,0.1
"Chuchu 300 g",6TKURVM348,3,12.57,0.01
"Uva Thompson 300 g Normal",EBSPQETEV7,3,46.77,0.04
"Uva Thompson 500 g Maduro",RDS8ZGMAVJ,3,77.97,0.06
"Amêndoa Laminada sem pele 300 g",HLZP8CAAL7,3,158.4,0.13
"Abobrinha - 500g",SUHA5REQBG,3,29.97,0.02
"Pitaia vermelha - 2UN",E34G0T85I7,3,179.97,0.14
"Alface americana 2 un",469AMHTEX0,3,59.94,0.05
"Maçã verde  - 3UN",BD53UYJGA6,3,65.97,0.05
"Manga Palmer 1Kg Maduro",DGHFYNU8F3,3,155.94,0.13
"Castanha do Pará extra Large   300g",HYI6ST7GCA,3,141.75,0.11
"Pimentão Verde 300 g",7I9RVSGWXC,3,26.97,0.02
"Laranja pera 24 un Normal",MBYPE5CQ2Q,3,167.88,0.13
"Atemoia 1Kg Normal",SZS66DTB7C,3,229.79,0.18
"Cidra Cristalizada 300 g",T9KLBY9AZO,2,117.6,0.09
"Uva Passa Em Rama 300 g",2NN7O6R0JF,2,76.8,0.06
"Coco Verde 4 un Normal",4NWEEEM8OU,2,119.92,0.1
"Uva passa branca sem semente 300 g",A7J1CGORQT,2,46.08,0.04
"Castanha de Caju W4 Torrada Salgada 500 g",J0IVK9VUX6,2,136,0.11
"Nêspera 1Kg Maduro",HVUZDJ3LBW,2,198,0.16
"Mamão papaya 2 un Verde",823Y56NPEK,2,59.98,0.05
"Banana Passa 300 g",RDTQEN4852,2,54.72,0.04
"Beringela 1 Kg",NK742X725I,2,39.96,0.03
"Nozes chilenas inteiras 300 g",IRQK2ALVTH,2,86.4,0.07
"Morango hidropônico",F50PRQMN6X,2,199.98,0.16
"Ameixa importada  - 500g",N9DJ7HCV19,2,89.9,0.07
"Banana Prata 24UN Maduro",DNXF2UFFLD,2,127.92,0.1
"Maracujá azedo graúdo 6 un Normal",D06W792T2D,2,103.96,0.08
"Pêssego Fresco Premium 1kg Maduro",AJ7EIVMTTE,2,179.8,0.14
"Achachairu 500g Normal",6V24IGHLGU,2,149.98,0.12
"Castanha de Caju W4 Torrada Salgada 500 g",J0IVK9VUX6,2,136,0.11
"Uva passa branca sem semente 300 g",A7J1CGORQT,2,46.08,0.04
"Cidra Cristalizada 300 g",T9KLBY9AZO,2,117.6,0.09
"Goiaba graúda 2 un Normal",NIPA73KQX2,2,51.96,0.04
"Uva passa branca sem semente   300g",KBPOEQAPF4,2,43.2,0.03
"Azeite EA 500ML 0,2 de acidez extravirgem   Preço por unidade",MDRHYAUJNH,2,225,0.18
"Provolone desidratado   300g",TEHOFFOOCG,2,153,0.12
"Cidra cristalizada   300g",SH90YXF7S3,2,54,0.04
"Banana passa   300g",GNOIXCBXIP,2,51.3,0.04
"Figo Roxo 300g Maduro",OKS98J6OSI,2,86.6,0.07
"Pêra Asiática 500g Normal",IW8MC2KB6A,2,89.9,0.07
"Laranja chamanhe - 500g",54L6Y3A386,2,69.9,0.06
"Goiaba graúda 4 un Normal",JNN5IPYJ32,2,103.92,0.08
"Macadâmia Caramelizada 300 g",34DYO16083,2,180.48,0.14
"Roma Importada 300g Normal",2EMPSFCPLX,2,53.94,0.04
"Atemoia 1Kg Verde",7TNSPK9K6Y,2,179.8,0.14
"Alface crespa 1 un",1GCJ5L0X7N,2,15.98,0.01
"Pistache Torrado com Casca 300 g",QFMJ3E7E1N,2,101.76,0.08
"Alface Roxa - 1UN",BDB3X3H9IL,2,15.98,0.01
"Cereja 1Kg Normal",B7P6IQG73H,2,300,0.24
"Cereja Fresca 1Kg Maduro",AUAUBVPRBM,2,400,0.32
"Pistache Cru 300 g",5CAUT260GV,2,230.4,0.19
"Queijo Brie Premium 300 g",89JSTTCRLW,2,91.2,0.07
"Mamão papaya 8 un Normal",HRVZSX7B6J,2,239.98,0.19
"Laranja chamanhe 500g Normal",536H2J6S8M,2,69.9,0.06
"Uva Passa Em Rama 300 g",2NN7O6R0JF,2,76.8,0.06
"Castanha Portuguesa 500 g",OJOAUH98O9,2,129.9,0.1
"Pepino Japonês 1 Kg",2HUO6870SP,2,50,0.04
"Semente de abóbora torrada salgada com casca   300g",QYQEF37ZXB,2,76.5,0.06
"Amendoim Torrado sem Pele e sem Sal 300 g",CKG401T8L3,2,40.32,0.03
"Pera 3 un Maduro",IBNNP3CTXL,2,41.8,0.03
"Jabuticaba 300g Normal",A3A4DIELVJ,2,59.94,0.05
"Mamão papaya 4 un Maduro",IZ6I1YJLBJ,2,119.98,0.1
"Abobrinha 1 Kg",61OBXDHBTG,2,39.96,0.03
"Macadâmia torrada e salgada   300g",HV4QAZ8X0R,2,108,0.09
"Cereja 1kg Maduro",MGO4SL678M,2,300,0.24
"Uva Thompson 1 Kg Maduro",2BK0JZU1JH,2,103.96,0.08
"Melão Rei 1 un Maduro",JT7PXVYNCM,2,119.8,0.1
"Figo turco 500 g",RN2824U0Y9,2,156.8,0.13
"Goiaba graúda 6 un Normal",SP3C5RTC6Y,2,22.89,0.02
"Castanha de caju doce com gergelim 300 g",615BR76XKD,2,65.28,0.05
"Banana Passa 300 g",RDTQEN4852,2,54.72,0.04
"Laranja pera 12 un Normal",F7R694VHR3,2,55.96,0.04
"Rambutão 1kg Maduro",MFHK6K29OH,2,140,0.11
"Casca de laranja cristalizada   300g",75VZF6YH42,2,54,0.04
"Castanha Portuguesa 1 Kg",1ZZA4SPGKC,2,259.8,0.21
"Coco Verde 4 un Normal",4NWEEEM8OU,2,119.92,0.1
"Sapoti 1kg Normal",8YTUR362D8,2,139.8,0.11
"Mamão papaya 2 un Verde",823Y56NPEK,2,59.98,0.05
"Nozes pecan agridoce 300 g",AFKDGZAJNM,2,185.64,0.15
"Roma Importada 1kg Normal",GKJODX6JTA,2,179.8,0.14
"Amendoim Torrado Salgado sem Pele 300 g",K3D43RZJ10,2,57.6,0.05
"Nêspera 1Kg Maduro",HVUZDJ3LBW,2,198,0.16
"Jabuticaba 500g Maduro",65CM5EBP9J,2,99.8,0.08
"Pera 6 un Normal",C1JL71VJYV,2,83.8,0.07
"Roma Importada 500g Normal",LTB2Z6B21W,2,89.9,0.07
"Filé de bacalhau do Porto calibre 4/7 sem pele e sem espinhaço 500 g",H1SEYGG9OL,1,144,0.12
"Azeite Deleyda Premium 1L 0,2 de acidez",LDDN2UPTOG,1,195,0.16
"Azeite Deleyda Premium 500ML 0,2 de acidez   Preço por unidade",MTHHIKH18O,1,112.5,0.09
"Acelga - 1 Unidade",HQ6T79XTM2,1,12.99,0.01
"Coco Verde 1 un Normal",PACWIZ09Q2,1,14.99,0.01
"Azeite de oliva extra virgem EA (0,2% Ac) 500 ml",8E6OSAJ8ZA,1,136,0.11
"Batata doce 500 g",J6FQ7ACMHE,1,7.5,0.01
"Mamão Cristalizado 300 g",QJBYJEMKND,1,28.8,0.02
"Mini Tangerina 300g Maduro",9TGKBIJNPY,1,23.99,0.02
"Mandioca Descascada 300 g",NGHM7H8DBE,1,4.2,0
"Cidra Cristalizada 500 g",CG9UOY2KPF,1,98,0.08
"Castanha de Caju SLW1 Torrada com Sal 500 g",7MNQM8Q5FX,1,96,0.08
"Tamara 1Kg Maduro",GGKW09TOWZ,1,69.9,0.06
"Amendoim Ovinho 300 g",6ASUSSLBP4,1,20.19,0.02
"Abacaxi perola 1 un Verde",1V91CK25O0,1,19.9,0.02
"Castanha-do-Pará Média 300 g",QJASYKR7AW,1,85.92,0.07
"Amendoim Torrado com Pele e com Sal 300 g",HJWI5RI6PP,1,20.16,0.02
"Azeitona Grega Kalamata 500 g",FGF23P7SDK,1,96,0.08
"Tamara - 1 Caixa (1 Kilo)",8TYL4N1DAF,1,69.9,0.06
"Parmesão desidratado aperitivo   300g",EE2173CGD0,1,76.5,0.06
"Coco Verde 2 un Maduro",OP0U9EHBEQ,1,29.98,0.02
"Couve manteiga 2 un",J7MPQIM5PB,1,20,0.02
"Maracujá azedo graúdo 3 un Maduro",CDM9H74SFL,1,25.99,0.02
"Pêssego Fresco Premium 500g Verde",KF229D7KHQ,1,44.95,0.04
"Abóbora cristalizada 300 g",FW2Y0X95BT,1,28.8,0.02
"Tiras grossas de bacalhau do porto sem pele e sem espinha   500g",Q2X51M4PL5,1,97.5,0.08
"Pimenta biquinho   300g",BPUV43SPA1,1,22.5,0.02
"Macadâmia caramelizada   300g",6JP5KF4YF0,1,49.5,0.04
"Chuchu 1 Kg",REFXOFYTT3,1,13.98,0.01
"Goiaba graúda 1 un Maduro",ON9QPPO4LQ,1,12.99,0.01
"Roma Importada 1kg Maduro",4EV2VELR02,1,89.9,0.07
"Amendoim Torrado sem Pele e sem Sal 500 g",J7LWK6S50O,1,33.6,0.03
"Abacaxi cristalizado 300 g",7OHYQJCKL4,1,28.8,0.02
"Abóbora cristalizada 500 g",HSSK4SULLZ,1,48,0.04
"Castanha de Caju W1 Torrada sem Sal 300 g",1814DUPDXW,1,47.04,0.04
"Laranja pera 24 un Maduro",7J04F9DUYQ,1,55.96,0.04
"Toranja (grapefruit) 500g Normal",OJ13IX93J2,1,34.95,0.03
"Acelga 2 un",4UB503TJOC,1,25.98,0.02
"Cacau - 1UN",3EN660MM2S,1,39.99,0.03
"Lombo de bacalhau calibre 4/7 sem pele e sem espinhaço   500g",OXUH7YLTOA,1,187.5,0.15
"Sapoti 1kg Maduro",FGE9YGR561,1,69.9,0.06
"Mamão papaya 4 un Verde",9WHCSZFDDJ,1,48.9,0.04
"Limão siciliano 1Kg Normal",K1BKYZ7BFX,1,31.98,0.03
"Farinha de Amêndoa 300 g",CEYND34N4N,1,52.8,0.04
"Amendoim ovinho   300g",JPQNTM0VG9,1,13.5,0.01
"Uva Passa Em Rama 500 g",488Q88KKXL,1,64,0.05
"Castanha do Pará média   300g",TOMXXBCZPW,1,42.75,0.03
"Banana nanica - 6UN",3SQMPSS9RG,1,15.99,0.01
"Queijo Parmesão Desidratado 300 g",LPGM33M074,1,81.6,0.07
"Cacau Normal 1 Un",KZVR42EAJ6,1,39.99,0.03
"Pimentão Amarelo  - 500 gramas",L1DA6NB7KT,1,17.99,0.01
"Maçã fuji 16 un Normal",DCWLTNDUFU,1,112,0.09
"Goiaba graúda 1 un Verde",IYCDB2UHFJ,1,12.99,0.01
"Nozes pecan natural   300g",RJE9P2CDFM,1,58.5,0.05
"Alho roxo 500 g",10HAESZAIL,1,33.75,0.03
"Cereja 300g Normal",TA0V27NWTW,1,45,0.04
"Banana Prata 24UN Verde",FKVIG614XY,1,63.96,0.05
"Mamão papaya 8 un Maduro",E2COU7CY3A,1,119.99,0.1
"Doce de leite   300g",JOI9BTNW12,1,27,0.02
"Mini Tangerina 300g Normal",RFEX2TOSH8,1,23.99,0.02
"Nozes Quartz Chilena 500 g",2OP0H5H9JU,1,62.4,0.05
"Mamão Formosa 2 un Normal",91MXCICGFC,1,49.98,0.04
"Nozes Quartz Chilena 300 g",9S2H9I6W8K,1,37.44,0.03
"Castanha de caju SL W1 torrada sem sal   300g",P2BJLGOKY6,1,49.5,0.04
"Manga Palmer 300g Maduro",G7IKT53CXH,1,15.59,0.01
"Pitaia amarelo Colômbia 500g Maduro",5Z5SQEDDYI,1,74.99,0.06
"Maçã verde 3 un Verde",N6V32MBJMW,1,21.99,0.02
"Atemoia 300g Verde",D1JZMJSOU3,1,21,0.02
"Castanha de caju W4 torrada sem sal   300g",J2LKMM1B20,1,31.5,0.03
"Uva passa preta sem semente 300 g",HNF3AHN0Q9,1,16.32,0.01
"Castanha de caju W1 torrada sem sal   300g",O9ZNF80VDC,1,40.5,0.03
"Jabuticaba 1Kg Maduro",S0NN9Q5Y65,1,99.9,0.08
"Maçã fuji 4 un Maduro",J68AOSN47D,1,28,0.02
"Alcaparra em conserva   300g",6TM4967L4V,1,40.5,0.03
"Mamão Formosa 1 un Maduro",CW1GJP5QKF,1,24.99,0.02
"Limão taiti 24 un Normal",EB3P9L4HRL,1,39.9,0.03
"Maçã Red graúda 6 un Verde",469TGSJ5LQ,1,51.98,0.04
"Castanha de Caju W4 Torrada Salgada 1 Kg",8XQV81U4DG,1,136,0.11
"Repolho - 1 Unidade",5IF1G84NQH,1,14.99,0.01
"Pimentão Vermelho 300 g",MP2MMFAWLQ,1,10.79,0.01
"Goiaba graúda 2 un Verde",CINYGJEU31,1,25.98,0.02
"Amendoim torrado salgado com pele e alho   300g",MYCEP6U1Z7,1,22.5,0.02
"Morango Hidroponico 1Kg Verde",CKQ7ZNAEXT,1,99.98,0.08
"Pera 6 un Maduro",SETU3TITX8,1,41.9,0.03
"Atemoia 300g Maduro",FXCWG3PIF0,1,21,0.02
"Alho roxo 1 Kg",OB8ALGG78U,1,67.5,0.05
"Mix de frutas desidratadas 1 Kg",LOXK4W7EET,1,136,0.11
"Pistache cru   300g",MC48Z1SXM4,1,87.75,0.07
"Alcaparra em conserva 500 g",7K7TE8VMQA,1,72,0.06
"Rambutão 500g Maduro",TB9DSC43T7,1,35,0.03
"Amêndoa Torrada Salgada sem Pele 300 g",4HVTJTIKJA,1,50.4,0.04
"Vagem 1 Kg",DG38JIKV3F,1,29.98,0.02
"Kiwi Amarelo 300g Maduro",1BBQ19YRA1,1,39.99,0.03
"Pitaia amarelo Colômbia 500g Normal",NIQIHJRCUI,1,74.99,0.06
"Alface crespa 4 un",89HSG0IPIT,1,31.96,0.03
"Rambutam - 500g",CXLSQYSJ90,1,49.99,0.04
"Semente de Abóbora Torrada com Sal sem Casca 300 g",ATD3Z5LT7B,1,43.2,0.03
"Cereja Fresca 300g Maduro",NIWIHPG577,1,75,0.06
"Roma Importada 300g Maduro",GR15BVNW8O,1,26.97,0.02
"Cacau Normal 2 Un",KSV1WMZUWQ,1,79.98,0.06
"Abacate - 1 UN",KJ58KZYIOO,1,22.99,0.02
"Banana nanica 12 un Maduro",FN9LXST0G9,1,31.9,0.03
"Pêssego Fresco Premium 500g Maduro",JQZVYFHWK3,1,44.95,0.04
"Laranja chamanhe 300g Normal",J7N48D6VON,1,20.97,0.02
"Maracujá silvestre 1kg Normal",FS8ZLDU25X,1,129,0.1
"Rambutão 300g Normal",QG2Y8UE2C6,1,21,0.02
"Jabuticaba 1Kg Normal",KRMA8G9CBP,1,99.9,0.08
"Casca de laranja cristalizada 500 g",3ICKBL2W2Q,1,48,0.04
"Alface crespa 2 un",M96KX4D9K6,1,15.98,0.01
"Pitaia vermelha 300g Normal",69DIRYEO6S,1,42,0.03
"Brócolis ninja 4 un",4SESWOM9KQ,1,87.96,0.07
"Macadâmia Torrada sem Sal 500 g",FLZLDB7BN5,1,150.4,0.12
"Laranja pera 6 un Maduro",LRAXU20M4U,1,13.99,0.01
"Ervilha com wasabi   300g",1Q20LVQSEQ,1,29.25,0.02
"Maçã verde 6 un Maduro",6KXDWCN88H,1,43.98,0.04
"Uva Pilar Moscato Premium 1 Kg Normal",J05Q8DDLPV,1,189.9,0.15
"Castanha de Caju SLW1 Torrada com Sal 1 Kg",563C5JP995,1,192,0.15
"Batata asterix 500 g",FIVPD1XFD4,1,12.99,0.01
"Figo cristalizado 1 Kg",DFO2IZ4ZNW,1,96,0.08
"Semente de Abóbora Torrada sem Sal sem Casca 300 g",QJTHV7MQ48,1,43.2,0.03
"Cereja 500g Maduro",9SW8QJOJU7,1,75,0.06
"Banana Prata 12UN Maduro",6SXXTF62SK,1,31.98,0.03
"Pêra Asiática 1kg Normal",P5FCNHM0YJ,1,89.9,0.07
